sequence,smiles,score,net_charge,cationic_count,arg_like_count,aromatic_hydrophobe_count,ring_size,mw,alogp,tpsa,hbd,hba,priority
A99-e02-K35-N39-N41-K31-a19,[NH3+]CCCC[C@H]1CNC(=O)[C@@H](CO)CNC(=O)[C@H](Cc2c[nH]c3ccccc23)CNC(=O)[C@@H](Cc2c[nH]cn2)CNC(=O)[C@@H]2[NH2+]CN2C(=O)[C@H](CCC[NH3+])NC(=O)[C@@H]2CC[NH2+]CN2C1=O,16.5,4,4,0,2,7,909.1069999999993,-6.658200000000019,339.31999999999994,12,9,high
A119-N36-A146-A97-A176-U12-A139,Cn1cc(C[C@@H]2NC(=O)[C@H](Cc3ppppp3)NC(=O)C[C@@H]([NH3+])CNC(=O)[C@H]([C@H](N)[C@@H](N)[C@H](N)C(N)[NH3+])NC(=O)[C@H](C[NH3+])NC(=O)[C@H](CC(O)O)NC(=O)[C@H](CCCC[NH3+])CNC2=O)cn1,16.5,4,4,0,2,7,1025.9089999999994,-8.743899999999993,476.6199999999999,17,14,high
E01-N34-A177-N33-A121-A74-U12,Cc1ccc(C[C@@H]2NC(=O)[C@H](Cc3ccn(C)c3)NC(=O)[C@H](CCCNC(N)=[NH2+])CNC(=O)[C@H]([C@@H](N)[C@H](N)[C@@H](N)C(N)[NH3+])NC(=O)[C@H](CC(C)C)CNC(=O)[C@H]([NH3+])NC(=O)C[C@@H]([NH3+])CNC2=O)cc1C,16.5,4,4,1,2,7,987.2699999999995,-9.840759999999955,459.2699999999998,17,11,high
N22-e02-N06-K39-A177-K37-N41,NC([NH3+])[C@H](N)[C@@H](N)[C@H](N)[C@@H]1NC(=O)C[C@@H](c2ccccc2)NC(=O)[C@@H]2C[NH2+]C[C@H]2NC(=O)[C@@H]2[NH2+]CN2C(=O)C[C@@H](CCCC[NH3+])NC(=O)[C@@H](CO)CNC(=O)C[C@H](CCc2ccccc2)NC1=O,16.5,4,4,0,2,7,954.1919999999996,-8.87229999999999,407.71999999999986,15,12,high
e02-A176-A146-N06-E01-A82-N24,NC([NH3+])[C@@H](N)[C@H](N)[C@@H](N)[C@@H]1NC(=O)[C@@H]2[NH2+]CN2C(=O)C[C@@H](Cc2ccc(O)cc2)NC(=O)[C@H](Cc2c3ccccc3cc3ccccc23)NC(=O)[C@H]([NH3+])NC(=O)[C@@H]2C[NH2+]C[C@H]2NC(=O)[C@H](CC(O)O)NC1=O,16.5,4,4,0,2,7,1002.148,-9.912500000000014,448.1799999999999,17,14,high
N41-A176-N06-K06-e02-N43-a10,NC(=[NH2+])NCCC[C@H]1CC(=O)N2C[NH2+][C@H]2C(=O)N[C@H](CCc2ccccc2)CC(=O)N2c3ccccc3C[C@H]2C(=O)NC[C@H](CO)C(=O)N[C@@H]([C@H](N)[C@@H](N)[C@H](N)C(N)[NH3+])C(=O)N[C@@H]2C[NH2+]C[C@H]2C(=O)N1,16.5,4,4,1,2,7,980.1899999999995,-11.130599999999957,434.9299999999999,16,12,high
U12-A98-A99-N36-A123-N05-A82,[NH3+]CCCC[C@@H]1CNC(=O)[C@H](CCC[NH3+])NC(=O)[C@H](CC[NH3+])NC(=O)C[C@@H]([NH3+])CNC(=O)[C@H](Cc2c3ccccc3cc3ccccc23)NC(=O)[C@@H]2CCC[C@H]2NC(=O)[C@H](Cn2cccc2)NC1=O,16.5,4,4,0,2,7,955.2189999999999,-2.8096000000000148,319.18999999999994,11,7,high
a19-A97-A75-a18-a10-K34-A176,Cc1cc(C)cc(C[C@@H]2NC(=O)[C@H](C[NH3+])NC(=O)[C@@H]3CC[NH2+]CN3C(=O)[C@H]([C@H](N)[C@@H](N)[C@H](N)C(N)[NH3+])NC(=O)[C@@H](Cc3c[nH]c4ccccc34)CNC(=O)[C@@H]3Cc4ccccc4N3C(=O)[C@@H]3C[NH2+]CN3C2=O)c1,16.5,4,4,0,3,7,1009.2309999999997,-7.667760000000002,385.7,13,11,high
u01-U13-A176-A99-N20-e02-U01,NC(=[NH2+])NCCC[C@@H]1CC(=O)N2C[NH2+][C@H]2C(=O)NC[C@@H](c2ccc(Cl)cc2)CC(=O)N2CC[C@H](CC(=O)NC[C@@H](c3ccccc3)CC(=O)N[C@@H]([C@H](N)[C@@H](N)[C@H](N)C(N)[NH3+])C(=O)N[C@@H](CCC[NH3+])C(=O)N1)C2,16.5,4,4,1,2,7,1028.7059999999994,-8.019799999999982,425.72999999999985,15,11,high
K38-A176-A10-U12-s01-N06-K31,Cc1ccc(C[C@@H]2NC(=O)[C@H]([C@H](N)[C@@H](N)[C@H](N)C(N)[NH3+])NC(=O)C[C@H](Cc3ccc(C(C)(C)C)cc3)NC(=O)[C@@H](CCCC[NH3+])CNC(=O)[C@@H]3C[NH2+]C[C@H]3NC(=O)C[C@@H]3CCN(C3)C(=O)C[C@@H]([NH3+])CNC2=O)cc1,16.5,4,4,0,2,7,1036.3819999999992,-6.377579999999997,398.51999999999987,14,11,high
A101-A72-A125-S04-N22-a19-K08,Cc1ccc(C)c(C[C@@H]2NC(=O)[C@H](CCCCC[NH3+])NC(=O)C[C@H](CCCC[NH3+])NC(=O)[C@@H]3CC[NH2+]CN3C(=O)C[C@@H](CCCC[NH3+])NC(=O)[C@H]3C[C@H]3CNC(=O)[C@H](Cc3nnnnn3)NC2=O)c1,16.5,4,4,0,2,7,967.2349999999993,-5.217760000000026,358.8899999999999,10,12,high
a18-E06-U12-A123-N36-a09-N33,NC(=[NH2+])NCCC[C@@H]1CNC(=O)[C@@H]2c3ccccc3CN2C(=O)[C@H](CCCC[NH3+])CNC(=O)[C@H](Cn2cccc2)NC(=O)C[C@@H]([NH3+])CNC(=O)[C@H](C(O)(O)O)NC(=O)[C@@H]2C[NH2+]CN2C1=O,16.5,4,4,1,2,7,915.0670000000001,-9.645400000000006,387.27000000000004,14,10,high
A43-N36-A98-A101-A68-U12-N01,C#CC[C@@H]1NC(=O)C(=C)[C@H](c2ccco2)NC(=O)C[C@@H]([NH3+])CNC(=O)[C@H](Cc2ccccc2C)NC(=O)[C@H](CCCCC[NH3+])NC(=O)[C@H](CC[NH3+])NC(=O)[C@H](CCCC[NH3+])CNC1=O,16.5,4,4,0,2,7,894.1319999999993,-3.7839800000000174,327.4,11,8,high
U12-A100-E07-N33-N13-a18-K37,C[C@@H](O)[C@H]1CC(=O)N2C[NH2+]C[C@H]2C(=O)N[C@@H](CCc2ccccc2)CC(=O)NC[C@H]([NH3+])CC(=O)N[C@@H](CCCC[NH3+])C(=O)N[C@H](Cc2ccccc2)C(=O)NC[C@@H](CCCNC(N)=[NH2+])C(=O)N1,16.5,4,4,1,2,7,938.1889999999993,-6.587600000000018,350.6699999999999,13,8,high
K06-K31-N32-N20-A123-e02-a09,NC(=[NH2+])NCCC[C@@H]1CC(=O)N[C@@H](Cn2cccc2)C(=O)N2C[NH2+][C@H]2C(=O)N2Cc3ccccc3[C@H]2C(=O)N[C@@H](CCCNC(N)=[NH2+])CC(=O)NC[C@H](CCCC[NH3+])C(=O)NC[C@@H](CCC(N)=O)C(=O)N1,16.5,4,4,2,2,7,994.2169999999991,-8.461299999999996,405.6699999999999,14,8,high
a16-a20-K08-A168-N06-A170-N22,[NH3+]CCCC[C@@H]1CC(=O)N2CNCC[C@H]2C(=O)N2C[NH2+]CCC[C@H]2C(=O)N[C@@H](CCCC[NH3+])CC(=O)N[C@@H](c2c(O)c(O)c(O)c(O)c2O)C(=O)N[C@@H]2C[NH2+]C[C@H]2C(=O)N[C@@H](CCc2c(O)c(O)c(O)c(O)c2O)C(=O)N1,16.5,4,4,0,2,7,1093.2030000000004,-7.05680000000003,488.95,20,18,high
A99-A177-A115-a09-N33-A176-A116,Cn1cnc(C[C@@H]2NC(=O)[C@H]([C@@H](N)[C@H](N)[C@@H](N)C(N)[NH3+])NC(=O)[C@H](CCC[NH3+])NC(=O)[C@H](Cc3cscn3)NC(=O)[C@H]([C@H](N)[C@@H](N)[C@H](N)C(N)[NH3+])NC(=O)[C@H](CCCNC(N)=[NH2+])CNC(=O)[C@@H]3c4ccccc4CN3C2=O)c1,16.5,4,4,1,3,7,1115.3899999999994,-13.601799999999905,580.3399999999999,20,18,high
A97-N23-A176-U07-U11-K06-e02,NC(=[NH2+])NCCC[C@H]1CC(=O)N2C[NH2+][C@H]2C(=O)N[C@@H](C[NH3+])C(=O)N[C@H](Cc2ccccc2)CC(=O)N[C@@H]([C@H](N)[C@@H](N)[C@H](N)C(N)[NH3+])C(=O)NC[C@H]2CC[C@H]2C(=O)N[C@@H](Cc2ccccc2)[C@H](O)CC(=O)N1,16.5,4,4,1,2,7,996.2329999999995,-10.533699999999964,454.7499999999999,17,12,high
A100-E01-A84-A72-A101-N20-A160,Cc1ccc(C)c(C[C@@H]2NC(=O)[C@H](c3ccccc3)NC(=O)[C@H]([NH3+])NC(=O)[C@H](CCCC[NH3+])NC(=O)[C@H](C3C(O)(O)C(O)(O)C(O)(O)C3(O)O)NC(=O)C[C@@H](CCCNC(N)=[NH2+])NC(=O)[C@H](CCCCC[NH3+])NC2=O)c1,16.5,4,4,1,2,7,1078.2359999999999,-10.773159999999985,512.0999999999998,21,15,high
a18-N20-N40-U04-I11-E01-A97,NC(=[NH2+])NCCC[C@@H]1CC(=O)NC[C@@H](Cc2c[nH]cn2)C(=O)N[C@@H](c2ccccc2)[C@@H]2C[C@H]2C(=O)NC2(C(=O)N[C@@H]([NH3+])C(=O)N[C@@H](C[NH3+])C(=O)N3C[NH2+]C[C@H]3C(=O)N1)C(O)(O)C(O)(O)C(O)(O)C(O)(O)C2(O)O,16.5,4,4,1,2,7,1040.0590000000002,-16.073999999999963,561.4200000000001,23,18,high
A85-e02-W04-N20-A83-A176-U12,NC(=[NH2+])NCCC[C@@H]1CC(=O)N[C@@H](Cc2cc3ccccc3c3ccccc23)C(=O)N[C@@H]([C@H](N)[C@@H](N)[C@H](N)C(N)[NH3+])C(=O)NC[C@H]([NH3+])CC(=O)N[C@@H](c2ccc3ccccc3c2)C(=O)N2C[NH2+][C@H]2C(=O)NCC2(CC(=O)N1)C[C@@H]1C=CC[C@@H]12,16.5,4,4,1,2,7,1140.4089999999997,-5.748800000000002,434.5199999999999,16,11,high
E01-A78-A177-e02-A47-A170-A97,NC([NH3+])[C@H](N)[C@@H](N)[C@H](N)[C@@H]1NC(=O)[C@H](Cc2cccc3ccc4ccccc4c23)NC(=O)[C@H]([NH3+])NC(=O)[C@H](C[NH3+])NC(=O)[C@H](CCc2c(O)c(O)c(O)c(O)c2O)NC(=O)[C@H](C2CC3(CCC3)C2)NC(=O)[C@@H]2[NH2+]CN2C1=O,16.5,4,4,0,2,7,1074.2109999999998,-8.161900000000022,499.67,19,16,high
K08-a09-N06-A101-A124-S24-A176,NC([NH3+])[C@@H](N)[C@H](N)[C@@H](N)[C@@H]1NC(=O)[C@H]2O[C@H](O)[C@H](O)[C@H](NC(=O)[C@H](Cc3cocn3)NC(=O)[C@H](CCCCC[NH3+])NC(=O)[C@@H]3C[NH2+]C[C@H]3NC(=O)[C@@H]3c4ccccc4CN3C(=O)C[C@H](CCCC[NH3+])NC1=O)[C@@H]2O,16.5,4,4,0,2,7,1047.2299999999993,-11.03159999999997,494.4699999999998,17,17,high
N01-N22-K31-A101-a20-I07-A121,C=C1C(=O)N[C@H](CCCC[NH3+])CC(=O)NC[C@H](CCCC[NH3+])C(=O)N[C@@H](CCCCC[NH3+])C(=O)N2C[NH2+]CCC[C@H]2C(=O)NC2(C(=O)N[C@@H](Cc3ccn(C)c3)C(=O)N[C@H]1c1ccco1)C13c4c5c6c(c1c4=6)C523,16.5,4,4,0,3,7,1007.2509999999996,-3.314820000000023,312.51,10,8,high
K13-A139-A73-K06-A177-K31-a18,Cc1cccc(C)c1C[C@@H]1NC(=O)[C@H](Cc2ppppp2)NC(=O)C[C@@H](CS)NC(=O)[C@@H]2C[NH2+]CN2C(=O)[C@@H](CCCC[NH3+])CNC(=O)[C@H]([C@@H](N)[C@H](N)[C@@H](N)C(N)[NH3+])NC(=O)C[C@H](CCCNC(N)=[NH2+])NC1=O,15.5,4,4,1,2,7,1132.1459999999993,-6.034760000000006,434.51999999999987,17,12,high
a18-A177-A124-A97-e06-N16-E01,NC(=O)C[C@@H]1CC(=O)N[C@@H]([NH3+])C(=O)N2C[NH2+]C[C@H]2C(=O)N[C@@H]([C@@H](N)[C@H](N)[C@@H](N)C(N)[NH3+])C(=O)N[C@@H](Cc2cocn2)C(=O)N[C@@H](C[NH3+])C(=O)N2NN[C@H]2C(=O)N1,14.5,4,4,0,1,7,799.8559999999999,-15.220699999999942,482.9099999999998,16,16,high
K39-N32-A185-a19-A100-N24-K06,NC(=[NH2+])NCCC[C@H]1CC(=O)N[C@H](c2ccccc2)CC(=O)NC[C@@H](CCC(N)=O)C(=O)N[C@@H](Cc2ccc3cc[nH]c3c2Cl)C(=O)N2C[NH2+]CC[C@H]2C(=O)N[C@@H](CCCC[NH3+])C(=O)N[C@H](Cc2ccc(O)cc2)CC(=O)N1,14.5,3,3,1,3,7,1100.7439999999997,-2.7318000000000113,381.9099999999999,14,9,high
A101-K06-a18-K33-A17-N33-A142,CCC(CC)(CC)[C@@H]1NC(=O)[C@@H](Cc2ccc(O)cc2)CNC(=O)[C@@H]2C[NH2+]CN2C(=O)C[C@H](CCCNC(N)=[NH2+])NC(=O)[C@H](CCCCC[NH3+])NC(=O)[C@H](Cc2nnc(-c3nnnnn3)nn2)NC(=O)[C@H](CCCNC(N)=[NH2+])CNC1=O,14.5,4,4,2,2,7,1149.3819999999996,-9.155299999999968,502.6799999999998,15,17,high
K33-A176-N25-N48-E01-A177-a04,C=CC[C@@H]1CC(=O)N[C@@H]([NH3+])C(=O)N[C@@H]([C@@H](N)[C@H](N)[C@@H](N)C(N)[NH3+])C(=O)N2CCCCC[C@H]2C(=O)NC[C@H](Cc2ccc(O)cc2)C(=O)N[C@@H]([C@H](N)[C@@H](N)[C@H](N)C(N)[NH3+])C(=O)N[C@H](Cc2c[nH]c3ccccc23)CC(=O)N1,14.5,3,3,0,2,7,1065.32,-8.82719999999997,522.0099999999999,19,16,high
S06-U01-K33-E01-N33-A98-A66,CC1(C)[C@@H]2C[C@@H]([C@@H]3NC(=O)[C@H](CC[NH3+])NC(=O)[C@H](CCCNC(N)=[NH2+])CNC(=O)[C@H]([NH3+])NC(=O)[C@@H](Cc4ccc(O)cc4)CNC(=O)C[C@H](c4ccc(Cl)cc4)CNC(=O)[C@H]4CC[C@H](C4)NC3=O)C[C@@H]21,14.5,3,3,1,2,7,994.6599999999997,-2.9469000000000154,342.84999999999985,13,8,high
A94-A09-A98-a18-e08-N06-N45,[NH3+]CC[C@@H]1NC(=O)[C@H](Cc2ccccc2)NC(=O)[C@H](CCCO)NC(=O)C[C@@H](Cc2ccc([N+](=O)[O-])cc2)NC(=O)[C@@H]2C[NH2+]C[C@H]2NC(=O)[C@@H]2NNNNNN2C(=O)[C@@H]2C[NH2+]CN2C1=O,14.5,3,3,0,2,7,912.0029999999997,-8.77160000000001,370.4999999999999,14,15,high
a24-N46-N36-A168-A135-a18-A176,N#Cc1cccc(C[C@@H]2CC(=O)NC[C@@H](CCCC[NH3+])C(=O)N[C@@H](c3c(O)c(O)c(O)c(O)c3O)C(=O)N[C@@H](CC34ON5ON(ON(O5)O3)O4)C(=O)N3C[NH2+]C[C@H]3C(=O)N[C@@H]([C@H](N)[C@@H](N)[C@H](N)C(N)[NH3+])C(=O)N3C(=O)C(=O)C(=O)[C@H]3C(=O)N2)c1,14.5,3,3,0,2,7,1190.0879999999995,-12.069819999999977,603.3400000000001,17,29,high
A160-N36-A118-K33-A98-N37-N22,Cn1cc(C[C@@H]2NC(=O)[C@H](CCCC[NH3+])CNC(=O)[C@H](C3C(O)(O)C(O)(O)C(O)(O)C3(O)O)NC(=O)C[C@@H](CCCC[NH3+])NC(=O)[C@H](Cc3ccccc3)CNC(=O)[C@H](CC[NH3+])NC(=O)[C@@H](Cc3ccc(O)cc3)CNC2=O)nn1,14.5,3,3,0,3,7,1131.2759999999996,-9.101500000000025,499.39999999999975,19,18,high
A101-K08-A118-U11-A99-e02-S26,Cn1cc(C[C@@H]2NC(=O)C[C@H](CCCC[NH3+])NC(=O)[C@H](CCCCC[NH3+])NC(=O)C[C@H](O)[C@H](Cc3ccccc3)NC(=O)[C@@H]3[NH2+]CN3C(=O)[C@H](CCC[NH3+])NC(=O)C[C@@H](O)[C@H](Cc3ccccc3)NC2=O)nn1,14.5,4,4,0,3,7,1021.2789999999997,-5.416700000000028,365.6099999999999,12,11,high
a28-A76-e02-A176-A133-K34-a20,COOOO[C@@H]1NC(=O)[C@H]([C@H](N)[C@@H](N)[C@H](N)C(N)[NH3+])NC(=O)[C@@H]2[NH2+]CN2C(=O)[C@H](Cc2cccc3ccccc23)NC(=O)[C@H]2N(C(=O)[C@@H]3CCC[NH2+]CN3C(=O)[C@@H](Cc3c[nH]c4ccccc34)CNC1=O)C(O)(O)C(O)(O)C2(O)O,14.5,3,3,0,2,7,1127.1599999999999,-11.373900000000006,516.36,18,21,high
E01-A168-N40-N20-A84-K31-K06,NC(=[NH2+])NCCC[C@@H]1CC(=O)N[C@@H](c2ccccc2)C(=O)NC[C@H](CCCC[NH3+])C(=O)N[C@@H](CCCNC(N)=[NH2+])CC(=O)N[C@@H]([NH3+])C(=O)N[C@@H](c2c(O)c(O)c(O)c(O)c2O)C(=O)NC[C@@H](Cc2c[nH]cn2)C(=O)N1,14.5,4,4,2,3,7,1056.1970000000001,-8.593000000000009,516.09,21,13,high
A177-A82-K06-A159-a18-A97-e08,NC(=[NH2+])NCCC[C@H]1CC(=O)N[C@@H](C2C(O)(O)C(O)(O)C2(O)O)C(=O)N2C[NH2+]C[C@H]2C(=O)N[C@@H](C[NH3+])C(=O)N2NNNNN[C@H]2C(=O)N[C@@H]([C@@H](N)[C@H](N)[C@@H](N)C(N)[NH3+])C(=O)N[C@@H](Cc2c3ccccc3cc3ccccc23)C(=O)N1,14.5,4,4,1,1,7,1131.2279999999996,-17.347199999999916,607.2599999999998,26,22,high
N22-A83-A31-A09-K06-A101-a07,NC(=[NH2+])NCCC[C@H]1CC(=O)N[C@@H](CCCCC[NH3+])C(=O)N2C[C@H]3CCC[C@H]3[C@H]2C(=O)N[C@H](CCCC[NH3+])CC(=O)N[C@@H](Cc2cc3ccccc3c3ccccc23)C(=O)N[C@@H](C23CCC(CC2)CC3)C(=O)N[C@@H](Cc2ccccc2)C(=O)N1,14.5,3,3,1,2,7,1154.5359999999996,1.7363999999999895,313.8299999999999,11,7,high
A132-S24-a20-N06-N22-K40-A86,[NH3+]CCCC[C@@H]1CC(=O)N[C@@H](C/C=C/c2ccccc2)CC(=O)N[C@@H](c2cccc3ccccc23)C(=O)N[C@@H](CN2N=N2)C(=O)N[C@H]2[C@@H](O)[C@@H](O)O[C@H](C(=O)N3C[NH2+]CCC[C@H]3C(=O)N[C@@H]3C[NH2+]C[C@H]3C(=O)N1)[C@H]2O,14.5,3,3,0,2,7,1041.2009999999996,-4.527500000000013,353.41999999999996,12,14,high
A176-K31-A84-N28-a20-A177-U03,NC(=O)C[C@@H]1CNC(=O)[C@H](c2ccccc2)NC(=O)[C@@H](CCCC[NH3+])CNC(=O)[C@H]([C@H](N)[C@@H](N)[C@H](N)C(N)[NH3+])NC(=O)[C@@H]2C[C@@H]2CNC(=O)[C@H]([C@@H](N)[C@H](N)[C@@H](N)C(N)[NH3+])NC(=O)[C@@H]2CCC[NH2+]CN2C1=O,14.5,4,4,0,1,7,1007.2609999999993,-13.139099999999914,545.6899999999998,19,16,high
N20-K36-N26-K08-A98-A01-a19,CCC(C)(C)[C@@H]1NC(=O)[C@H](CC[NH3+])NC(=O)C[C@H](CCCC[NH3+])NC(=O)[C@H](C)CNC(=O)[C@H]2c3ccccc3[C@H]2NC(=O)C[C@@H](CCCNC(N)=[NH2+])NC(=O)[C@@H]2CC[NH2+]CN2C1=O,14.5,4,4,1,1,7,886.1569999999995,-5.527800000000025,330.44,12,7,high
A100-E01-N02-N25-A101-A121-N39,COC(=O)[C@H]1[C@@H]2NC(=O)[C@H]([NH3+])NC(=O)[C@H](CCCC[NH3+])NC(=O)[C@H](Cc3c[nH]c4ccccc34)CNC(=O)[C@H](Cc3ccn(C)c3)NC(=O)[C@H](CCCCC[NH3+])NC(=O)C[C@@H](Cc3c[nH]c4ccccc34)NC(=O)[C@@H]21,14.5,3,3,0,3,7,1037.2569999999994,-2.1066000000000145,349.4299999999999,12,9,high
A115-A98-N40-a25-N44-N22-E01,Cn1cnc(C[C@@H]2NC(=O)[C@H]([NH3+])NC(=O)C[C@@H](CCCC[NH3+])NC(=O)C[C@@H](Cc3ccc(C(C)(C)C)cc3)NC(=O)[C@@H]3C(=O)C(=O)C(=O)C(=O)N3C(=O)[C@H](Cc3c[nH]cn3)CNC(=O)[C@H](CC[NH3+])NC2=O)c1,14.5,3,3,0,3,7,1004.1399999999999,-5.892900000000027,392.6099999999999,10,13,high
A81-S13-N36-E01-K06-N33-N44,CC(C)C[C@@H]1NC(=O)[C@H](Cc2ccc3cc4ccccc4cc3c2)NC(=O)C[C@@H](Cc2ccc(C(C)(C)C)cc2)NC(=O)[C@H](CCCNC(N)=[NH2+])CNC(=O)C[C@H](CCCNC(N)=[NH2+])NC(=O)[C@H]([NH3+])NC(=O)[C@H](CCCC[NH3+])CNC(=O)C[C@@H]1O,14.5,4,4,2,2,7,1180.5549999999996,-2.945800000000023,406.48999999999995,16,8,high
U06-Q04-N22-A100-K33-N20-A99,C[C@@]12C[C@H]1C(=O)NS(=O)(=O)CC(=O)N[C@H](CCCC[NH3+])CC(=O)N[C@@H](CCCC[NH3+])C(=O)NC[C@H](Cc1ccc(O)cc1)C(=O)N[C@H](CCCNC(N)=[NH2+])CC(=O)N[C@@H](CCC[NH3+])C(=O)N[C@H]2c1ccccc1,14.5,4,4,1,2,7,1044.3349999999996,-4.980100000000022,404.6299999999999,14,10,high
A74-N06-a09-A121-A101-S10-a18,Cc1ccc(C[C@@H]2NC(=O)[C@@H]3C[NH2+]CN3C(=O)[C@@H]3C=C[C@@H](C3)NC(=O)[C@H](CCCCC[NH3+])NC(=O)[C@H](Cc3ccn(C)c3)NC(=O)[C@@H]3c4ccccc4CN3C(=O)[C@@H]3C[NH2+]C[C@H]3NC2=O)cc1C,14.5,3,3,0,3,7,935.1639999999998,-2.748460000000015,251.91,8,7,high
A99-E03-N33-A177-a06-A78-a19,CC1(C)[C@@H]2[C@H]3C(=O)N[C@@H](Cc4cccc5ccc6ccccc6c45)C(=O)N4C[NH2+]CC[C@H]4C(=O)N[C@@H](CCC[NH3+])C(=O)N[C@@H](CCl)C(=O)NC[C@@H](CCCNC(N)=[NH2+])C(=O)N[C@@H]([C@@H](N)[C@H](N)[C@@H](N)C(N)[NH3+])C(=O)N3C[C@@H]21,14.5,4,4,1,1,7,1078.7659999999992,-7.961399999999979,425.7299999999999,15,11,high
K06-N37-U12-s01-a18-N24-K09,NC(=[NH2+])NCCC[C@H]1CC(=O)NC[C@@H](Cc2ccccc2)C(=O)NC[C@H]([NH3+])CC(=O)N2CC[C@@H](CC(=O)N3C[NH2+]C[C@H]3C(=O)N[C@H](Cc3ccc(O)cc3)CC(=O)N[C@@H](Cc3ccccc3)CC(=O)N1)C2,14.5,3,3,1,3,7,982.2209999999997,-3.6785000000000183,314.23999999999995,11,8,high
a19-e03-A116-U03-K31-a20-N20,NC(=[NH2+])NCCC[C@@H]1CC(=O)N2C[NH2+]CC[C@H]2C(=O)N2ON=N[C@H]2C(=O)N[C@@H](Cc2cscn2)C(=O)NC[C@H]2C[C@H]2C(=O)NC[C@H](CCCC[NH3+])C(=O)N2C[NH2+]CCC[C@H]2C(=O)N1,14.5,4,4,1,1,7,905.1009999999991,-7.499800000000021,348.66999999999996,10,12,high
E01-U11-K08-U08-N25-K32-a19,[NH3+]CCCC[C@H]1CC(=O)N[C@@H]2CC=C(C2)C(=O)N[C@H](Cc2c[nH]c3ccccc23)CC(=O)NC[C@H](Cc2ccccc2)C(=O)N2C[NH2+]CC[C@H]2C(=O)N[C@@H]([NH3+])C(=O)N[C@@H](Cc2ccccc2)[C@H](O)CC(=O)N1,14.5,3,3,0,3,7,991.2279999999998,-1.6494000000000093,302.81999999999994,11,8,high
A177-A155-N46-K31-e02-A69-A99,Cc1cccc(C[C@@H]2NC(=O)[C@@H]3[NH2+]CN3C(=O)[C@@H](CCCC[NH3+])CNC(=O)C[C@@H](Cc3cccc(C#N)c3)NC(=O)[C@H](CC(OO)(OO)C(OO)(OO)OO)NC(=O)[C@H]([C@@H](N)[C@H](N)[C@@H](N)C(N)[NH3+])NC(=O)[C@H](CCC[NH3+])NC2=O)c1,14.5,4,4,0,2,7,1139.2360000000003,-8.967699999999954,569.6099999999999,19,22,high
A98-A135-A100-K08-N46-A178-N06,N#Cc1cccc(C[C@@H]2CC(=O)N[C@@H](C3C(O)=C3O)C(=O)N[C@@H]3C[NH2+]C[C@H]3C(=O)N[C@@H](CC[NH3+])C(=O)N[C@@H](CC34ON5ON(ON(O5)O3)O4)C(=O)N[C@@H](CCCC[NH3+])C(=O)N[C@@H](CCCC[NH3+])CC(=O)N2)c1,14.5,4,4,0,1,7,1020.0719999999994,-7.7795200000000095,432.5799999999999,13,19,high
A44-A13-N36-A84-K08-N01-a20,C=C=C[C@@H]1NC(=O)[C@@H]2CCC[NH2+]CN2C(=O)C(=C)[C@H](c2ccco2)NC(=O)C[C@H](CCCC[NH3+])NC(=O)[C@H](c2ccccc2)NC(=O)[C@H](CCCC[NH3+])CNC(=O)[C@H](C2CCCC2)NC1=O,14.5,3,3,0,2,7,916.1579999999996,-0.6913000000000011,279.94,9,8,high
a20-E05-N25-N33-A83-N36-N18,CS(=O)(=O)C[C@@H]1NC(=O)[C@@H]2CCC[NH2+]CN2C(=O)C[C@@H](CCC(N)=O)NC(=O)[C@H](CCCC[NH3+])CNC(=O)[C@H](Cc2cc3ccccc3c3ccccc23)NC(=O)[C@H](CCCNC(N)=[NH2+])CNC(=O)C[C@@H](Cc2c[nH]c3ccccc23)NC1=O,14.5,3,3,1,2,7,1180.4679999999996,-2.8649000000000244,395.8199999999999,13,10,high
A80-a18-A118-A121-A170-A97-E01,Cn1ccc(C[C@@H]2NC(=O)[C@H](Cc3cn(C)nn3)NC(=O)[C@@H]3C[NH2+]CN3C(=O)[C@H](Cc3ccc4ccc5ccccc5c4c3)NC(=O)[C@H]([NH3+])NC(=O)[C@H](C[NH3+])NC(=O)[C@H](CCc3c(O)c(O)c(O)c(O)c3O)NC2=O)c1,14.5,3,3,0,4,7,1050.124,-5.255900000000018,403.59000000000003,14,14,high
K31-A98-A82-S18-A177-N39-N22,NC([NH3+])[C@H](N)[C@@H](N)[C@H](N)[C@@H]1NC(=O)C[C@@H]2C[C@@H]2NC(=O)[C@H](Cc2c3ccccc3cc3ccccc23)NC(=O)[C@H](CC[NH3+])NC(=O)[C@@H](CCCC[NH3+])CNC(=O)C[C@@H](CCCC[NH3+])NC(=O)[C@H](Cc2c[nH]c3ccccc23)CNC1=O,14.5,4,4,0,2,7,1121.4469999999992,-4.073000000000005,434.1299999999998,16,11,high
A70-N33-A76-a18-N43-N20-K31,Cc1cccc(C[C@@H]2NC(=O)[C@@H](CCCC[NH3+])CNC(=O)C[C@@H](CCCNC(N)=[NH2+])NC(=O)C[C@@H](CCc3ccccc3)NC(=O)[C@@H]3C[NH2+]CN3C(=O)[C@H](Cc3cccc4ccccc34)NC(=O)[C@H](CCCNC(N)=[NH2+])CNC2=O)c1C,14.5,4,4,2,3,7,1132.4699999999998,-3.8964600000000225,366.4399999999998,14,7,high
A97-U12-e04-e01-A125-A101-K31,[NH3+]CCCCC[C@@H]1NC(=O)[C@H](Cc2nnnnn2)NC(=O)[C@@H]2NCN2C(=O)[C@@H]2N=NN=NON2C(=O)C[C@@H]([NH3+])CNC(=O)[C@H](C[NH3+])NC(=O)[C@@H](CCCC[NH3+])CNC1=O,14.5,4,4,0,1,7,837.9089999999995,-9.4726,431.8299999999999,10,18,high
N23-A62-S20-E01-N33-A78-A97,NC(=[NH2+])NCCC[C@@H]1CNC(=O)[C@H]([NH3+])NC(=O)[C@H]2CCC[C@H]2CNC(=O)[C@H]([C@@H]2C[C@H]3C[C@H]3C2)NC(=O)C[C@@H](Cc2ccccc2)NC(=O)[C@H](C[NH3+])NC(=O)[C@H](Cc2cccc3ccc4ccccc4c23)NC1=O,14.5,3,3,1,2,7,1002.2549999999999,-2.1982000000000133,322.6199999999999,12,7,high
K06-A24-N37-K08-K34-A99-N33,NC(=[NH2+])NCCC[C@H]1CC(=O)N[C@@H](C23CCC(C2)C3)C(=O)NC[C@@H](Cc2ccccc2)C(=O)N[C@@H](CCCC[NH3+])CC(=O)NC[C@H](Cc2c[nH]c3ccccc23)C(=O)N[C@@H](CCC[NH3+])C(=O)NC[C@@H](CCCNC(N)=[NH2+])C(=O)N1,14.5,4,4,2,2,7,1099.4409999999996,-4.605000000000014,402.04999999999984,16,7,high
e01-a10-A100-k01-N39-a19-A101,[NH3+]CCCCC[C@@H]1NC(=O)[C@@H]2CC[NH2+]CN2C(=O)[C@H](Cc2c[nH]c3ccccc23)CNC(=O)C[C@@H]2CCCN2C(=O)[C@H](CCCC[NH3+])NC(=O)[C@@H]2Cc3ccccc3N2C(=O)[C@@H]2NCN2C1=O,14.5,3,3,0,2,7,926.1569999999996,-2.1833000000000062,268.25,8,8,high
A09-N01-A90-K08-e02-A101-N43,C=C1C(=O)N[C@@H](C2C34CC23C4)C(=O)N[C@@H](CCCC[NH3+])CC(=O)N2C[NH2+][C@H]2C(=O)N[C@@H](CCCCC[NH3+])C(=O)N[C@H](CCc2ccccc2)CC(=O)N[C@@H](Cc2ccccc2)C(=O)N[C@H]1c1ccco1,14.5,3,3,0,3,7,964.202,-0.5999000000000145,279.93999999999994,9,8,high
A53-N36-E07-A100-a18-E01-Q06,[NH3+]CCCC[C@@H]1CNC(=O)[C@H](CCC2CC2)NC(=O)CCNC(=O)[C@H]([NH3+])NC(=O)[C@@H]2C[NH2+]CN2C(=O)[C@H](CCCC[NH3+])NC(=O)[C@@H](Cc2ccccc2)NC1=O,14.5,4,4,0,1,7,788.0079999999999,-5.633700000000025,294.43999999999994,10,7,high
A139-K08-N33-I01-U12-K32-A116,NC(=[NH2+])NCCC[C@@H]1CNC(=O)C[C@H](CCCC[NH3+])NC(=O)[C@H](Cc2ppppp2)NC(=O)[C@H](Cc2cscn2)NC(=O)[C@@H](Cc2ccccc2)CNC(=O)C[C@@H]([NH3+])CNC(=O)C2(CC2)NC1=O,14.5,3,3,1,3,7,1051.0029999999992,-0.9841999999999944,335.5099999999999,12,9,high
a30-N43-E01-N22-N33-Q06-K05,NC(=[NH2+])NCCC[C@@H]1CNC(=O)C[C@@H](CCCC[NH3+])NC(=O)[C@H]([NH3+])NC(=O)C[C@@H](CCc2ccccc2)NC(=O)[C@H]2N(C(=O)C[C@H](Cc3c[nH]cn3)NC(=O)CCNC1=O)C(O)(O)C(O)(O)C(O)(O)C(O)(O)C2(O)O,14.5,3,3,1,2,7,1070.1490000000001,-12.425200000000007,544.8100000000001,22,18,high
a19-N36-A124-A176-a20-A21-K07,CC(C)C[C@H]1CC(=O)N2C[NH2+]CC[C@H]2C(=O)NC[C@@H](CCCC[NH3+])C(=O)N[C@@H](Cc2cocn2)C(=O)N[C@@H]([C@H](N)[C@@H](N)[C@H](N)C(N)[NH3+])C(=O)N2C[NH2+]CCC[C@H]2C(=O)N[C@@H](C2C3CC2C3)C(=O)N1,14.5,4,4,0,1,7,961.2279999999994,-8.450999999999977,404.7299999999999,13,13,high
N22-a09-K08-N35-A101-N02-A85,CC[C@H](C)[C@@H]1CNC(=O)C[C@H](CCCC[NH3+])NC(=O)[C@@H]2c3ccccc3CN2C(=O)C[C@@H](CCCC[NH3+])NC(=O)[C@H](c2ccc3ccccc3c2)NC(=O)[C@H]2[C@@H](NC(=O)[C@H](CCCCC[NH3+])NC1=O)[C@@H]2C(=O)OC,14.5,3,3,0,2,7,1026.3139999999996,0.6377999999999973,304.13,9,9,high
E01-A177-K06-N06-N30-K39-a06,CSC[C@@H]1CNC(=O)[C@@H]2C[NH2+]C[C@H]2NC(=O)C[C@H](CCCNC(N)=[NH2+])NC(=O)[C@H]([C@@H](N)[C@H](N)[C@@H](N)C(N)[NH3+])NC(=O)[C@H]([NH3+])NC(=O)[C@@H]2[C@@H]3[C@H](CN2C(=O)C[C@@H](c2ccccc2)NC1=O)C3(C)C,14.5,4,4,1,1,7,962.2409999999998,-10.499899999999958,434.51999999999987,16,12,high
N34-A69-N06-K31-K08-A100-A33,Cc1cccc(C[C@@H]2NC(=O)[C@H](CC(C)C)CNC(=O)[C@H](C3CC4CCC(C4)C3)NC(=O)[C@H](CCCC[NH3+])NC(=O)C[C@H](CCCC[NH3+])NC(=O)[C@@H](CCCC[NH3+])CNC(=O)[C@@H]3C[NH2+]C[C@H]3NC2=O)c1,14.5,4,4,0,1,7,982.3699999999993,-1.8677800000000222,303.23,11,7,high
A115-A80-N20-K08-A177-K36-N22,Cn1cnc(C[C@@H]2NC(=O)C[C@@H](CCCC[NH3+])NC(=O)[C@H]3c4ccccc4[C@H]3NC(=O)[C@H]([C@@H](N)[C@H](N)[C@@H](N)C(N)[NH3+])NC(=O)C[C@H](CCCC[NH3+])NC(=O)C[C@@H](CCCNC(N)=[NH2+])NC(=O)[C@H](Cc3ccc4ccc5ccccc5c4c3)NC2=O)c1,14.5,4,4,1,3,7,1190.513999999999,-5.664299999999977,472.1599999999998,17,12,high
N01-A176-A97-K31-N25-S04-N33,C=C1C(=O)N[C@@H]([C@H](N)[C@@H](N)[C@H](N)C(N)[NH3+])C(=O)N[C@@H](C[NH3+])C(=O)NC[C@H](CCCC[NH3+])C(=O)N[C@H](Cc2c[nH]c3ccccc23)CC(=O)NC[C@@H]2C[C@@H]2C(=O)NC[C@@H](CCCNC(N)=[NH2+])C(=O)N[C@H]1c1ccco1,14.5,4,4,1,2,7,1037.2859999999994,-8.601399999999979,483.2699999999998,18,12,high
A98-A118-a20-N01-e02-K10-N08,C=C1C(=O)N2C[NH2+][C@H]2C(=O)N[C@@H](Cc2ccc(O)cc2)CC(=O)N[C@@H](CO)CC(=O)N[C@@H](CC[NH3+])C(=O)N[C@@H](Cc2cn(C)nn2)C(=O)N2C[NH2+]CCC[C@H]2C(=O)N[C@H]1c1ccco1,14.5,3,3,0,3,7,892.9959999999996,-6.129000000000018,331.28999999999996,10,12,high
A28-A69-N44-A130-a18-N06-N36,Cc1cccc(C[C@@H]2NC(=O)[C@H](C34CCC(CC3)C4)NC(=O)[C@H](CCCC[NH3+])CNC(=O)[C@@H]3C[NH2+]C[C@H]3NC(=O)[C@@H]3C[NH2+]CN3C(=O)[C@H](Cn3nnnn3)NC(=O)C[C@@H](Cc3ccc(C(C)(C)C)cc3)NC2=O)c1,14.5,3,3,0,3,7,1025.2939999999994,-3.3630800000000223,312.2599999999999,9,11,high
N38-U05-N41-N22-N06-A119-A100,Cn1cc(C[C@@H]2NC(=O)[C@@H]3C[NH2+]C[C@H]3NC(=O)C[C@@H](CCCC[NH3+])NC(=O)[C@@H](CO)CNC(=O)[C@]3(C)C[C@H]3[C@H](c3ccccc3)NC(=O)[C@H](Cc3ccc(O)cc3)CNC(=O)[C@H](CCCC[NH3+])NC2=O)cn1,14.5,3,3,0,3,7,1002.2519999999997,-3.3878000000000217,333.86999999999995,12,10,high
A99-A100-K37-K40-A176-U12-A76,NC([NH3+])[C@@H](N)[C@H](N)[C@@H](N)[C@@H]1NC(=O)C[C@H](C/C=C/c2ccccc2)NC(=O)C[C@H](CCc2ccccc2)NC(=O)[C@H](CCCC[NH3+])NC(=O)[C@H](CCC[NH3+])NC(=O)[C@H](Cc2cccc3ccccc23)NC(=O)C[C@@H]([NH3+])CNC1=O,13.5,4,4,0,3,7,1094.4209999999994,-4.1191000000000155,418.3399999999998,15,11,high
A101-A132-K06-K38-A168-A98-a15,CC(C)(C)c1ccc(C[C@H]2CC(=O)N[C@@H](c3c(O)c(O)c(O)c(O)c3O)C(=O)N[C@@H](CC[NH3+])C(=O)N3CNC[C@H]3C(=O)N[C@@H](CCCCC[NH3+])C(=O)N[C@@H](CN3N=N3)C(=O)N[C@@H](CCCNC(N)=[NH2+])CC(=O)N2)cc1,13.5,3,3,1,2,7,1056.216999999999,-5.636500000000024,454.73999999999984,17,16,high
A152-N16-N33-A180-A99-a18-A169,NC(=[NH2+])NCCC[C@@H]1CNC(=O)C[C@@H](CC(N)=O)NC(=O)[C@H](CC(O)(O)C(O)(O)O)NC(=O)[C@H](Cc2c(O)c(O)c(O)c(O)c2O)NC(=O)[C@@H]2C[NH2+]CN2C(=O)[C@H](CCC[NH3+])NC(=O)[C@H](CCC2C(O)=C2O)NC1=O,12.5,3,3,1,1,7,1075.0769999999998,-12.1707,588.6500000000001,24,20,high
A34-N47-N27-A101-A97-a18-K32,CC[C@@H]1NC(=O)[C@@H](Cc2ccccc2)CNC(=O)[C@@H]2C[NH2+]CN2C(=O)[C@H](C[NH3+])NC(=O)[C@H](CCCCC[NH3+])NC(=O)[C@H](CS)CNC(=O)C[C@H](CCSC)NC1=O,12.5,3,3,0,1,7,838.135,-4.094400000000011,266.8,10,9,high
S02-a18-A177-K37-a01-A36-N06,CCCC[C@@H]1NC(=O)[C@@H]2CCCN2C(=O)C[C@H](CCc2ccccc2)NC(=O)[C@H]([C@@H](N)[C@H](N)[C@@H](N)C(N)[NH3+])NC(=O)[C@@H]2C[NH2+]CN2C(=O)C[C@H](CC(C)C)CNC(=O)[C@@H]2C[NH2+]C[C@H]2NC1=O,12.5,3,3,0,1,7,928.2179999999992,-6.254600000000011,351.05999999999995,12,11,high
N20-a16-K36-N36-A100-K05-N10,NC(=[NH2+])NCCC[C@@H]1CC(=O)N2CNCC[C@H]2C(=O)N[C@@H]2c3ccccc3[C@@H]2C(=O)NC[C@@H](CCCC[NH3+])C(=O)N[C@@H](CCCC[NH3+])C(=O)N[C@@H](Cc2c[nH]cn2)CC(=O)N[C@@H](CC(=O)[O-])CC(=O)N1,12.5,2,3,1,2,7,980.1859999999995,-6.681600000000017,394.6699999999999,13,11,high
a19-A77-A176-K08-a25-N02-A133,COOOO[C@@H]1NC(=O)[C@H]2[C@@H](NC(=O)[C@@H]3C(=O)C(=O)C(=O)C(=O)N3C(=O)C[C@H](CCCC[NH3+])NC(=O)[C@H]([C@H](N)[C@@H](N)[C@H](N)C(N)[NH3+])NC(=O)[C@H](Cc3ccc4ccccc4c3)NC(=O)[C@@H]3CC[NH2+]CN3C1=O)[C@@H]2C(=O)OC,12.5,3,3,0,1,7,1086.1069999999995,-10.484999999999975,493.58999999999986,12,21,high
S04-A97-N36-N33-A08-K08-A142,CC(C)[C@@H]1NC(=O)[C@H](CCCNC(N)=[NH2+])CNC(=O)[C@H](CCCC[NH3+])CNC(=O)[C@H](C[NH3+])NC(=O)[C@H]2C[C@H]2CNC(=O)[C@H](Cc2nnc(-c3nnnnn3)nn2)NC(=O)C[C@H](CCCC[NH3+])NC1=O,12.5,4,4,1,1,7,973.1629999999991,-9.822999999999965,466.2699999999998,13,16,high
S06-A22-A176-E01-K40-K08-a04,NC([NH3+])[C@@H](N)[C@H](N)[C@@H](N)[C@@H]1NC(=O)[C@H](C2C3CCC2C3)NC(=O)[C@H]2CC[C@H](C2)NC(=O)[C@@H]2CCCCCN2C(=O)C[C@H](CCCC[NH3+])NC(=O)C[C@H](C/C=C/c2ccccc2)NC(=O)[C@H]([NH3+])NC1=O,12.5,3,3,0,1,7,966.2669999999997,-4.4699000000000275,381.90999999999985,13,11,high
A39-U12-N06-u01-a20-A80-A62,CCCCCCC[C@@H]1NC(=O)[C@H]([C@@H]2C[C@H]3C[C@H]3C2)NC(=O)[C@H](Cc2ccc3ccc4ccccc4c3c2)NC(=O)[C@@H]2CCC[NH2+]CN2C(=O)C[C@H]2CCN(C2)C(=O)[C@@H]2C[NH2+]C[C@H]2NC(=O)C[C@@H]([NH3+])CNC1=O,12.5,3,3,0,1,7,992.299999999999,-0.04460000000000436,246.98,8,7,high
E11-A04-a18-A124-N20-a11-N06,CCCC[C@H]1NC(=O)[C@@H]2C[NH2+]C[C@H]2NC(=O)[C@@H]2C[C@H]3[C@@H](N2C(=O)C[C@@H](CCCNC(N)=[NH2+])NC(=O)[C@H](Cc2cocn2)NC(=O)[C@@H]2C[NH2+]CN2C(=O)[C@H](C(CC)CC)NC1=O)C3(C)C,12.5,3,3,1,1,7,899.1319999999996,-5.334800000000019,309.00999999999993,10,9,high
N36-K08-A167-a21-A177-A141-A125,NC([NH3+])[C@H](N)[C@@H](N)[C@H](N)[C@@H]1NC(=O)[C@@H]2N=NN2C(=O)[C@H](O)NC(=O)C[C@H](CCCC[NH3+])NC(=O)[C@H](CCCC[NH3+])CNC(=O)[C@H](Cc2nnnnn2)NC(=O)[C@H](COS(=O)(=O)Cl)NC1=O,12.5,3,3,0,1,7,969.4689999999996,-11.91729999999997,534.6799999999998,14,22,high
K31-A98-N06-N33-a16-A85-N31,NC(=[NH2+])NCCC[C@@H]1CNC(=O)[C@@H]2C[NH2+]C[C@H]2NC(=O)[C@H](CC[NH3+])NC(=O)[C@@H](CCCC[NH3+])CNC(=O)[C@H](CCC(=O)[O-])CNC(=O)[C@H](c2ccc3ccccc3c2)NC(=O)[C@@H]2CCNCN2C1=O,12.5,3,4,1,1,7,966.1789999999999,-8.463399999999991,382.59999999999997,13,10,high
a10-N45-N24-N36-N33-N48-N22,C=CC[C@@H]1CC(=O)N[C@H](CCCC[NH3+])CC(=O)N2c3ccccc3C[C@H]2C(=O)N[C@H](Cc2ccc([N+](=O)[O-])cc2)CC(=O)N[C@H](Cc2ccc(O)cc2)CC(=O)NC[C@@H](CCCC[NH3+])C(=O)NC[C@@H](CCCNC(N)=[NH2+])C(=O)N1,12.5,3,3,1,3,7,1097.3529999999996,-1.1344000000000083,377.1999999999999,12,10,high
A113-N33-K31-N40-A176-A150-A177,NC(=[NH2+])NCCC[C@@H]1CNC(=O)[C@H](C[N+](=O)[O-])NC(=O)[C@H]([C@@H](N)[C@H](N)[C@@H](N)C(N)[NH3+])NC(=O)[C@H](CCC(O)(O)O)NC(=O)[C@H]([C@H](N)[C@@H](N)[C@H](N)C(N)[NH3+])NC(=O)[C@H](Cc2c[nH]cn2)CNC(=O)[C@@H](CCCC[NH3+])CNC1=O,12.5,4,4,1,1,7,1107.2949999999996,-17.337199999999875,690.93,25,21,high
N20-s01-K08-E11-a09-a14-A97,CCCC[C@H]1NC(=O)C[C@H](CCCC[NH3+])NC(=O)C[C@@H]2CCN(C2)C(=O)C[C@@H](CCCNC(N)=[NH2+])NC(=O)[C@H](C[NH3+])NC(=O)[C@@H]2C[C@H]3CCC[C@H]3N2C(=O)[C@@H]2c3ccccc3CN2C1=O,12.5,3,3,1,1,7,908.1829999999998,-2.9010000000000185,296.25,9,7,high
A99-a23-N36-Q06-N47-U06-N06,CSCC[C@H]1CC(=O)N[C@@H](c2ccccc2)[C@]2(C)C[C@H]2C(=O)N[C@@H]2C[NH2+]C[C@H]2C(=O)N[C@@H](CCC[NH3+])C(=O)N2C(=O)C(=O)[C@H]2C(=O)NC[C@@H](CCCC[NH3+])C(=O)NCCC(=O)N1,12.5,3,3,0,1,7,886.1099999999997,-4.346000000000018,300.93999999999994,9,10,high
K08-N25-A101-N38-N46-A97-A169,N#Cc1cccc(C[C@@H]2CC(=O)N[C@@H](C[NH3+])C(=O)N[C@@H](Cc3c(O)c(O)c(O)c(O)c3O)C(=O)N[C@@H](CCCC[NH3+])CC(=O)N[C@H](Cc3c[nH]c4ccccc34)CC(=O)N[C@@H](CCCCC[NH3+])C(=O)NC[C@@H](Cc3ccc(O)cc3)C(=O)N2)c1,12.5,3,3,0,4,7,1164.3519999999992,-1.1747200000000073,447.5799999999998,17,14,high
A73-K06-K32-K16-N22-A101-A57,CSC[C@@H]1CC(=O)N[C@H](CCCC[NH3+])CC(=O)N[C@@H](CCCCC[NH3+])C(=O)N[C@@H](CCC2CCCCCC2)C(=O)N[C@@H](Cc2c(C)cccc2C)C(=O)N[C@@H](CCCNC(N)=[NH2+])CC(=O)NC[C@H](Cc2ccccc2)C(=O)N1,11.5,3,3,1,2,7,1106.5579999999993,0.6854399999999856,322.61999999999995,12,8,high
A136-a21-A81-A143-K31-A97-A100,[NH3+]CCCC[C@H]1CNC(=O)[C@H](CO)NC(=O)[C@H](Cc2ccc3cc4ccccc4cc3c2)NC(=O)[C@@H]2N=NN2C(=O)[C@H](CN2[N@]3OOO[N@@]2OOO3)NC(=O)[C@H](CCCC[NH3+])NC(=O)[C@H](C[NH3+])NC1=O,11.5,3,3,0,1,7,985.0059999999995,-5.517600000000013,387.8799999999998,10,19,high
A176-A180-K31-S26-A101-A122-A167,Cn1cccc1C[C@@H]1NC(=O)[C@H](CCCCC[NH3+])NC(=O)C[C@H](O)[C@H](Cc2ccccc2)NC(=O)[C@@H](CCCC[NH3+])CNC(=O)[C@H](CCC2C(O)=C2O)NC(=O)[C@H]([C@H](N)[C@@H](N)[C@H](N)C(N)[NH3+])NC(=O)[C@H](O)NC1=O,10.5,3,3,0,2,7,1045.2779999999996,-7.373399999999994,476.54999999999984,18,15,high
A177-N17-A98-N25-N20-A101-N14,CC[C@H](C)[C@H]1CC(=O)N[C@@H]([C@@H](N)[C@H](N)[C@@H](N)C(N)[NH3+])C(=O)N[C@H](CCC(=O)[O-])CC(=O)N[C@@H](CC[NH3+])C(=O)N[C@H](Cc2c[nH]c3ccccc23)CC(=O)N[C@H](CCCNC(N)=[NH2+])CC(=O)N[C@@H](CCCCC[NH3+])C(=O)N1,10.5,3,4,1,1,7,1074.3679999999993,-9.359299999999951,510.25999999999976,18,13,high
A98-E07-A101-N17-K33-N48-K06,C=CC[C@@H]1CC(=O)N[C@@H](CCCNC(N)=[NH2+])CC(=O)N[C@@H](CC[NH3+])C(=O)N[C@H](Cc2ccccc2)C(=O)N[C@@H](CCCCC[NH3+])C(=O)N[C@H](CCC(=O)[O-])CC(=O)NC[C@H](Cc2ccc(O)cc2)C(=O)N1,10.5,2,3,1,2,7,993.2209999999994,-5.01340000000003,382.9799999999999,13,10,high
A97-N33-A182-A177-S25-A175-N39,CC(=O)C(=O)C(=O)C(=O)[C@@H]1NC(=O)CC[C@@H](C#N)NC(=O)[C@H]([C@@H](N)[C@H](N)[C@@H](N)C(N)[NH3+])NC(=O)[C@H](CCCCCO)NC(=O)[C@H](CCCNC(N)=[NH2+])CNC(=O)[C@H](C[NH3+])NC(=O)[C@H](Cc2c[nH]c3ccccc23)CNC1=O,10.5,3,3,1,1,7,1084.2309999999993,-11.040319999999948,554.7899999999998,18,17,high
A180-N22-K06-N40-A174-K31-A102,COC[C@@H]1NC(=O)[C@@H](CCCC[NH3+])CNC(=O)[C@H](C2C(=O)C(=O)C(=O)C(=O)C2=O)NC(=O)[C@H](Cc2c[nH]cn2)CNC(=O)C[C@H](CCCNC(N)=[NH2+])NC(=O)C[C@@H](CCCC[NH3+])NC(=O)[C@H](CCC2C(O)=C2O)NC1=O,10.5,3,3,1,1,7,1074.1839999999993,-8.237899999999996,486.3399999999998,15,16,high
N13-K31-N38-A99-K08-N17-A98,C[C@@H](O)[C@H]1CC(=O)NC[C@H](CCCC[NH3+])C(=O)NC[C@@H](Cc2ccc(O)cc2)C(=O)N[C@@H](CCC[NH3+])C(=O)N[C@@H](CCCC[NH3+])CC(=O)N[C@H](CCC(=O)[O-])CC(=O)N[C@@H](CC[NH3+])C(=O)N1,10.5,3,4,0,1,7,937.1739999999994,-6.60320000000002,394.8499999999999,13,11,high
