pos,block,tanimoto,class,match,capped_smiles
1,A08,0.72,V/alpha/L/NO,clean,CNC(=O)[C@@H](NC(C)=O)[C@@H](C)O
2,A10,0.711,F/alpha/L/NO,clean,CNC(=O)[C@H](Cc1ccc(OC)cc1)NC(C)=O
3,A121,0.297,H/alpha/L/NO,bridge-bearing,CNC(=O)[C@H](Cc1cn(CCCCCCN(Cc2ccc(CCNC(=O)[C@]3(C)CCCN3C(C)=O)cc2)C(C)=O)c2ccc(F)cc12)NC(C)=O
4,A69,0.476,F/alpha/L/NO,bridge-bearing,CNC(=O)[C@H](Cc1cccc(CNC(=O)CO[C@@H]2[CH]N(C(C)=O)CC2)c1)NC(C)=O
5,A07,1.0,A/alpha/L/NO,clean,CNC(=O)[C@H](C)NC(C)=O
6,E03,0.621,A/alpha/D/NO,clean,CNC(=O)[C@@H](CNC(C)=O)NC(C)=O
7,Q06,0.387,G/beta/A/NO,bridge-bearing,CNC(=O)CCCCC[N+](C)(C)C

envelope,property,mk0616,restoken,delta
,mw,1550.9,819.4,-731.5
,charge,1.0,0.0,-1.0
,rings,11.0,4.0,-7.0
,heavy,112.0,58.0,-54.0
,alogp,2.6,1.0,-1.5
,tpsa,366.4,208.6,-157.8
,hbd,10.0,7.0,-3.0
,hba,15.0,7.0,-8.0
