label,rep,dG,dSASA,closure
parent,0,-31.341,1115.6,1.331
parent,1,-29.457,1076.5,1.331
parent,2,-29.957,1097.3,1.331
csa_native,0,-29.731,1118.8,1.331
csa_native,1,-29.731,1118.8,1.331
csa_native,2,-30.155,1127.7,1.330
nva,0,-30.851,1176.0,1.331
nva,1,-30.851,1176.0,1.331
nva,2,-26.922,1028.6,1.330
nle,0,-32.230,1198.9,1.330
nle,1,-30.013,1196.1,1.330
nle,2,-29.156,1190.4,1.331
tle,0,-27.655,1112.1,1.330
tle,1,-29.819,1129.1,1.329
tle,2,-28.140,1108.6,1.331
cpg,0,-26.741,1192.3,1.330
cpg,1,-25.146,1124.1,1.330
cpg,2,-27.174,1165.6,1.330
chg,0,-25.297,1165.7,1.331
chg,1,-28.816,1188.4,1.330
chg,2,-27.237,1223.8,1.329
